CustomerID,InvoiceID,InvoiceDate,ProductID,Quantity,Price,TotalAmount
CUST_46,INV_7894,2023-01-01 03:16:23,PROD_23,8,110.76,886.08
CUST_98,INV_2691,2023-01-01 13:10:11,PROD_11,8,26.7,213.6
CUST_51,INV_9207,2023-01-01 14:22:28,PROD_11,7,34.33,240.31
CUST_36,INV_9470,2023-01-01 14:35:17,PROD_33,10,488.5,4885.0
CUST_26,INV_6657,2023-01-01 17:32:49,PROD_17,1,123.53,123.53
CUST_71,INV_1807,2023-01-02 03:15:49,PROD_9,2,291.43,582.86
CUST_86,INV_9310,2023-01-02 14:03:53,PROD_7,4,302.16,1208.64
CUST_21,INV_5329,2023-01-02 21:02:30,PROD_42,9,14.9,134.1
CUST_26,INV_5676,2023-01-03 01:40:21,PROD_47,3,93.75,281.25
CUST_46,INV_3750,2023-01-03 06:02:49,PROD_37,6,382.35,2294.1
CUST_43,INV_5782,2023-01-03 09:13:30,PROD_9,3,153.87,461.61
CUST_35,INV_7865,2023-01-03 10:19:30,PROD_45,8,175.42,1403.36
CUST_39,INV_2605,2023-01-03 17:20:05,PROD_48,2,496.24,992.48
CUST_31,INV_5047,2023-01-03 21:59:56,PROD_7,10,98.27,982.7
CUST_7,INV_7347,2023-01-04 02:06:32,PROD_31,3,283.1,849.3
CUST_11,INV_6716,2023-01-04 09:33:20,PROD_11,1,167.1,167.1
CUST_23,INV_1476,2023-01-05 03:11:20,PROD_25,9,138.75,1248.75
CUST_74,INV_7789,2023-01-05 04:54:54,PROD_50,9,315.65,2840.85
CUST_70,INV_6202,2023-01-05 10:06:01,PROD_45,6,163.08,978.48
CUST_29,INV_6765,2023-01-07 01:22:02,PROD_30,4,89.31,357.24
CUST_76,INV_3909,2023-01-07 15:33:12,PROD_17,8,155.58,1244.64
CUST_83,INV_3950,2023-01-07 21:17:41,PROD_10,1,359.45,359.45
CUST_4,INV_6011,2023-01-08 17:31:59,PROD_1,4,288.13,1152.52
CUST_51,INV_2618,2023-01-08 17:39:24,PROD_31,7,468.17,3277.19
CUST_12,INV_3039,2023-01-10 16:20:29,PROD_22,8,162.13,1297.04
CUST_98,INV_9858,2023-01-10 18:50:20,PROD_44,10,153.81,1538.1
CUST_49,INV_1994,2023-01-10 19:52:22,PROD_33,5,484.87,2424.35
CUST_21,INV_6863,2023-01-11 03:30:45,PROD_8,6,116.22,697.32
CUST_26,INV_8883,2023-01-11 23:42:18,PROD_37,7,493.8,3456.6
CUST_16,INV_1026,2023-01-12 03:19:00,PROD_37,2,339.27,678.54
CUST_38,INV_9540,2023-01-12 14:31:30,PROD_2,10,471.28,4712.8
CUST_55,INV_8408,2023-01-13 06:36:31,PROD_50,4,130.94,523.76
CUST_68,INV_2748,2023-01-13 09:26:15,PROD_45,5,342.6,1713.0
CUST_87,INV_4590,2023-01-13 10:11:50,PROD_44,6,184.15,1104.9
CUST_6,INV_3068,2023-01-13 12:23:23,PROD_45,9,254.89,2294.01
CUST_31,INV_3915,2023-01-13 23:26:02,PROD_49,3,499.1,1497.3
CUST_19,INV_9623,2023-01-14 02:31:57,PROD_49,3,491.32,1473.96
CUST_87,INV_8068,2023-01-14 08:20:48,PROD_41,9,123.05,1107.45
CUST_46,INV_2708,2023-01-14 19:53:18,PROD_33,3,24.78,74.34
CUST_63,INV_5592,2023-01-15 12:34:06,PROD_50,2,186.68,373.36
CUST_81,INV_8033,2023-01-16 05:09:48,PROD_1,1,287.7,287.7
CUST_48,INV_2113,2023-01-16 20:30:04,PROD_5,8,70.44,563.52
CUST_62,INV_1821,2023-01-16 23:28:05,PROD_40,10,458.96,4589.6
CUST_38,INV_6918,2023-01-17 00:24:09,PROD_11,9,260.18,2341.62
CUST_11,INV_2661,2023-01-17 04:13:35,PROD_4,4,75.67,302.68
CUST_24,INV_3861,2023-01-17 04:38:11,PROD_2,10,135.68,1356.8
CUST_19,INV_3217,2023-01-17 09:04:51,PROD_19,7,171.41,1199.87
CUST_37,INV_9964,2023-01-18 21:59:06,PROD_23,10,122.67,1226.7
CUST_20,INV_6317,2023-01-19 08:35:11,PROD_16,4,255.2,1020.8
CUST_54,INV_4647,2023-01-19 14:51:56,PROD_23,3,59.27,177.81
CUST_78,INV_1194,2023-01-19 22:45:18,PROD_35,2,156.84,313.68
CUST_76,INV_2385,2023-01-20 09:21:30,PROD_42,10,448.21,4482.1
CUST_26,INV_8145,2023-01-20 14:25:32,PROD_34,2,229.66,459.32
CUST_1,INV_8068,2023-01-21 03:26:41,PROD_7,2,328.2,656.4
CUST_87,INV_5031,2023-01-22 04:19:40,PROD_13,9,210.37,1893.33
CUST_47,INV_7948,2023-01-22 19:42:19,PROD_28,8,240.23,1921.84
CUST_5,INV_3385,2023-01-22 20:21:07,PROD_8,1,91.23,91.23
CUST_53,INV_6521,2023-01-24 00:40:07,PROD_39,10,497.87,4978.7
CUST_96,INV_1014,2023-01-24 01:15:46,PROD_10,6,383.38,2300.28
CUST_2,INV_5093,2023-01-24 17:50:55,PROD_42,6,143.21,859.26
CUST_69,INV_4050,2023-01-24 20:44:59,PROD_6,3,363.83,1091.49
CUST_85,INV_8405,2023-01-24 21:40:38,PROD_7,3,443.9,1331.7
CUST_11,INV_4127,2023-01-25 08:17:58,PROD_2,2,448.25,896.5
CUST_4,INV_2176,2023-01-25 08:35:11,PROD_31,7,175.63,1229.41
CUST_51,INV_9571,2023-01-25 22:18:18,PROD_50,9,66.21,595.89
CUST_48,INV_6058,2023-01-26 02:33:25,PROD_41,3,66.3,198.9
CUST_57,INV_1649,2023-01-26 22:44:29,PROD_22,9,284.68,2562.12
CUST_66,INV_5573,2023-01-27 02:20:37,PROD_13,6,387.36,2324.16
CUST_23,INV_2214,2023-01-28 05:25:16,PROD_20,9,320.75,2886.75
CUST_40,INV_2694,2023-01-28 08:41:32,PROD_10,9,147.67,1329.03
CUST_64,INV_4975,2023-01-28 21:14:11,PROD_6,9,265.7,2391.3
CUST_20,INV_2660,2023-01-29 06:25:35,PROD_1,8,152.57,1220.56
CUST_51,INV_7560,2023-01-30 02:01:54,PROD_19,4,351.96,1407.84
CUST_1,INV_5828,2023-01-30 02:14:43,PROD_14,2,45.15,90.3
CUST_64,INV_6701,2023-01-30 06:09:41,PROD_5,1,412.45,412.45
CUST_55,INV_4915,2023-01-30 11:51:36,PROD_18,3,102.61,307.83
CUST_54,INV_2767,2023-01-31 03:04:35,PROD_2,7,60.05,420.35
CUST_40,INV_6705,2023-01-31 11:08:38,PROD_16,9,173.15,1558.35
CUST_4,INV_3011,2023-02-01 02:57:00,PROD_7,1,315.58,315.58
CUST_12,INV_9914,2023-02-01 06:00:09,PROD_9,10,267.1,2671.0
CUST_34,INV_6181,2023-02-01 12:46:35,PROD_9,4,351.48,1405.92
CUST_35,INV_3372,2023-02-01 16:17:08,PROD_16,5,321.62,1608.1
CUST_15,INV_3136,2023-02-01 21:51:19,PROD_40,6,390.47,2342.82
CUST_47,INV_3347,2023-02-02 02:41:38,PROD_44,7,65.87,461.09
CUST_83,INV_1674,2023-02-02 05:24:32,PROD_22,9,242.27,2180.43
CUST_82,INV_5852,2023-02-02 05:58:29,PROD_30,4,218.89,875.56
CUST_26,INV_7694,2023-02-02 20:29:37,PROD_24,9,306.82,2761.38
CUST_79,INV_4111,2023-02-03 05:27:51,PROD_42,1,164.19,164.19
CUST_94,INV_9480,2023-02-03 06:11:08,PROD_38,10,102.33,1023.3
CUST_87,INV_9302,2023-02-03 14:53:22,PROD_45,6,136.86,821.16
CUST_67,INV_5449,2023-02-03 20:08:34,PROD_24,4,401.83,1607.32
CUST_70,INV_7012,2023-02-03 21:41:56,PROD_30,1,439.85,439.85
CUST_36,INV_1067,2023-02-03 22:24:35,PROD_6,5,388.88,1944.4
CUST_92,INV_5871,2023-02-04 06:25:22,PROD_43,2,430.48,860.96
CUST_70,INV_8032,2023-02-04 18:36:37,PROD_31,7,23.23,162.61
CUST_68,INV_9796,2023-02-05 08:17:20,PROD_43,3,158.31,474.93
CUST_7,INV_5914,2023-02-06 11:44:34,PROD_22,5,142.94,714.7
CUST_35,INV_7659,2023-02-06 15:11:45,PROD_43,4,376.8,1507.2
CUST_34,INV_7668,2023-02-07 00:03:10,PROD_5,9,204.94,1844.46
CUST_3,INV_5478,2023-02-07 19:53:08,PROD_6,2,165.79,331.58
CUST_73,INV_2996,2023-02-08 04:11:16,PROD_20,10,247.95,2479.5
CUST_66,INV_1051,2023-02-08 08:14:05,PROD_26,1,391.62,391.62
CUST_13,INV_9497,2023-02-08 10:55:08,PROD_31,4,485.67,1942.68
CUST_60,INV_3652,2023-02-09 03:55:37,PROD_26,9,140.61,1265.49
CUST_19,INV_6800,2023-02-09 06:02:45,PROD_12,9,215.1,1935.9
CUST_78,INV_9820,2023-02-10 11:04:48,PROD_18,7,402.33,2816.31
CUST_56,INV_6332,2023-02-10 13:04:00,PROD_12,4,478.73,1914.92
CUST_14,INV_1116,2023-02-11 20:27:40,PROD_39,1,55.92,55.92
CUST_47,INV_1814,2023-02-12 05:41:08,PROD_15,5,366.23,1831.15
CUST_90,INV_8180,2023-02-12 06:59:55,PROD_24,3,368.35,1105.05
CUST_5,INV_4615,2023-02-12 22:55:59,PROD_19,5,483.2,2416.0
CUST_71,INV_9905,2023-02-13 00:42:50,PROD_42,7,206.14,1442.98
CUST_48,INV_6494,2023-02-14 06:26:00,PROD_18,8,365.94,2927.52
CUST_15,INV_7621,2023-02-14 06:28:36,PROD_40,7,259.64,1817.48
CUST_2,INV_3133,2023-02-15 02:39:02,PROD_45,4,317.78,1271.12
CUST_55,INV_3043,2023-02-15 12:25:29,PROD_17,9,350.12,3151.08
CUST_33,INV_2692,2023-02-15 16:22:02,PROD_16,8,143.48,1147.84
CUST_91,INV_5506,2023-02-15 17:36:08,PROD_13,8,328.47,2627.76
CUST_68,INV_1109,2023-02-16 12:26:24,PROD_46,2,78.79,157.58
CUST_6,INV_1259,2023-02-16 14:43:53,PROD_48,8,130.26,1042.08
CUST_28,INV_6848,2023-02-17 05:03:18,PROD_10,1,139.22,139.22
CUST_96,INV_6156,2023-02-17 05:10:19,PROD_49,7,259.95,1819.65
CUST_31,INV_3863,2023-02-18 01:45:27,PROD_29,3,214.27,642.81
CUST_3,INV_9912,2023-02-18 05:09:33,PROD_11,10,482.91,4829.1
CUST_14,INV_5143,2023-02-18 05:37:07,PROD_9,9,78.96,710.64
CUST_46,INV_2022,2023-02-18 12:52:52,PROD_38,7,208.75,1461.25
CUST_81,INV_7018,2023-02-18 15:34:25,PROD_33,1,203.37,203.37
CUST_63,INV_9091,2023-02-18 19:10:41,PROD_19,8,361.54,2892.32
CUST_90,INV_3992,2023-02-19 14:27:14,PROD_34,3,398.64,1195.92
CUST_53,INV_8910,2023-02-19 17:04:24,PROD_3,5,73.46,367.3
CUST_16,INV_9980,2023-02-20 05:05:36,PROD_16,5,293.65,1468.25
CUST_80,INV_4014,2023-02-20 16:27:15,PROD_28,1,261.95,261.95
CUST_81,INV_4134,2023-02-21 01:16:27,PROD_43,7,126.19,883.33
CUST_43,INV_5334,2023-02-21 03:08:17,PROD_42,1,333.72,333.72
CUST_72,INV_9266,2023-02-21 15:41:14,PROD_15,4,396.82,1587.28
CUST_42,INV_6138,2023-02-21 17:30:58,PROD_7,5,359.68,1798.4
CUST_32,INV_6237,2023-02-21 23:16:13,PROD_37,8,449.8,3598.4
CUST_20,INV_8461,2023-02-22 07:45:42,PROD_17,10,359.02,3590.2
CUST_4,INV_7747,2023-02-22 07:53:16,PROD_39,10,121.69,1216.9
CUST_23,INV_5820,2023-02-22 15:23:53,PROD_31,6,99.12,594.72
CUST_8,INV_5017,2023-02-22 20:20:38,PROD_14,5,348.95,1744.75
CUST_49,INV_7927,2023-02-23 08:15:22,PROD_6,3,450.81,1352.43
CUST_62,INV_4372,2023-02-23 13:17:12,PROD_4,10,118.15,1181.5
CUST_84,INV_9914,2023-02-24 00:53:10,PROD_11,10,306.42,3064.2
CUST_21,INV_3747,2023-02-24 04:31:24,PROD_36,5,324.61,1623.05
CUST_34,INV_8256,2023-02-24 08:09:45,PROD_40,6,240.35,1442.1
CUST_100,INV_1621,2023-02-24 10:38:19,PROD_1,4,382.56,1530.24
CUST_36,INV_6081,2023-02-24 11:11:42,PROD_15,3,124.5,373.5
CUST_69,INV_2359,2023-02-24 22:18:45,PROD_39,7,49.36,345.52
CUST_58,INV_3185,2023-02-25 03:27:10,PROD_41,7,323.42,2263.94
CUST_80,INV_8335,2023-02-25 05:54:59,PROD_50,3,7.0,21.0
CUST_39,INV_7270,2023-02-26 00:22:09,PROD_42,8,420.06,3360.48
CUST_88,INV_3041,2023-02-26 03:41:59,PROD_8,5,423.48,2117.4
CUST_22,INV_3801,2023-02-26 05:48:30,PROD_12,6,192.41,1154.46
CUST_47,INV_2958,2023-02-26 06:54:02,PROD_35,5,362.1,1810.5
CUST_25,INV_6313,2023-02-26 08:12:38,PROD_21,3,252.14,756.42
CUST_26,INV_2276,2023-02-26 16:41:26,PROD_7,7,267.54,1872.78
CUST_61,INV_5525,2023-02-27 03:56:11,PROD_32,10,166.67,1666.7
CUST_16,INV_6115,2023-02-27 23:50:38,PROD_12,8,116.13,929.04
CUST_97,INV_7664,2023-02-28 08:33:04,PROD_44,5,286.33,1431.65
CUST_96,INV_4813,2023-02-28 11:19:36,PROD_16,10,16.72,167.2
CUST_18,INV_2939,2023-02-28 12:02:10,PROD_29,8,348.51,2788.08
CUST_24,INV_9406,2023-03-01 04:28:17,PROD_2,1,207.63,207.63
CUST_67,INV_7825,2023-03-01 11:12:01,PROD_44,5,39.99,199.95
CUST_88,INV_8857,2023-03-01 22:01:21,PROD_25,2,11.21,22.42
CUST_56,INV_5098,2023-03-02 17:28:05,PROD_34,10,459.63,4596.3
CUST_65,INV_1110,2023-03-03 00:09:31,PROD_36,3,476.56,1429.68
CUST_68,INV_2535,2023-03-03 04:01:51,PROD_9,3,406.75,1220.25
CUST_34,INV_2290,2023-03-03 06:09:47,PROD_23,3,167.67,503.01
CUST_30,INV_5144,2023-03-03 13:09:28,PROD_33,9,116.15,1045.35
CUST_23,INV_7298,2023-03-04 06:58:37,PROD_19,2,22.12,44.24
CUST_24,INV_8408,2023-03-05 10:33:55,PROD_46,10,381.0,3810.0
CUST_63,INV_2632,2023-03-05 14:08:56,PROD_1,7,476.62,3336.34
CUST_23,INV_3628,2023-03-06 18:48:23,PROD_33,1,378.68,378.68
CUST_91,INV_8957,2023-03-07 05:13:46,PROD_43,1,469.23,469.23
CUST_91,INV_7230,2023-03-07 05:27:28,PROD_1,10,493.71,4937.1
CUST_64,INV_6183,2023-03-07 09:58:11,PROD_9,4,234.41,937.64
CUST_13,INV_3584,2023-03-07 21:16:32,PROD_13,6,116.13,696.78
CUST_2,INV_7886,2023-03-09 17:27:08,PROD_45,6,84.23,505.38
CUST_59,INV_8689,2023-03-09 19:40:24,PROD_2,8,462.71,3701.68
CUST_96,INV_7894,2023-03-09 23:50:40,PROD_41,7,435.18,3046.26
CUST_48,INV_3157,2023-03-10 01:20:15,PROD_21,8,156.25,1250.0
CUST_88,INV_1224,2023-03-10 04:23:10,PROD_14,1,318.41,318.41
CUST_34,INV_6260,2023-03-10 07:44:09,PROD_26,4,17.88,71.52
CUST_34,INV_2106,2023-03-11 04:22:03,PROD_22,6,383.44,2300.64
CUST_1,INV_3695,2023-03-11 07:10:45,PROD_30,1,95.01,95.01
CUST_96,INV_1107,2023-03-11 09:43:51,PROD_7,4,88.88,355.52
CUST_64,INV_5491,2023-03-11 22:42:10,PROD_41,7,356.2,2493.4
CUST_61,INV_3405,2023-03-11 23:40:37,PROD_12,5,7.74,38.7
CUST_37,INV_9533,2023-03-12 03:13:59,PROD_2,1,191.42,191.42
CUST_97,INV_5065,2023-03-12 12:47:32,PROD_5,4,336.41,1345.64
CUST_7,INV_4352,2023-03-12 16:06:50,PROD_48,1,432.98,432.98
CUST_92,INV_6694,2023-03-12 17:54:39,PROD_23,7,485.96,3401.72
CUST_95,INV_2180,2023-03-13 03:41:52,PROD_48,1,22.64,22.64
CUST_62,INV_8778,2023-03-13 05:07:14,PROD_47,10,413.57,4135.7
CUST_44,INV_4820,2023-03-13 15:39:55,PROD_10,6,371.28,2227.68
CUST_91,INV_1660,2023-03-13 20:55:24,PROD_1,8,213.77,1710.16
CUST_8,INV_5813,2023-03-14 06:01:50,PROD_10,5,62.59,312.95
CUST_10,INV_6646,2023-03-15 07:34:30,PROD_4,9,77.45,697.05
CUST_39,INV_4711,2023-03-15 10:16:28,PROD_16,3,446.33,1338.99
CUST_73,INV_6359,2023-03-15 12:34:14,PROD_37,5,448.74,2243.7
CUST_6,INV_9389,2023-03-15 22:09:46,PROD_44,7,70.41,492.87
CUST_97,INV_5378,2023-03-16 07:31:31,PROD_18,10,370.43,3704.3
CUST_75,INV_3799,2023-03-16 12:19:37,PROD_9,3,339.25,1017.75
CUST_40,INV_4251,2023-03-16 12:20:39,PROD_44,3,268.65,805.95
CUST_21,INV_5619,2023-03-17 03:26:07,PROD_23,10,261.91,2619.1
CUST_9,INV_4310,2023-03-17 10:06:34,PROD_23,10,180.42,1804.2
CUST_90,INV_2906,2023-03-18 10:03:44,PROD_7,4,369.13,1476.52
CUST_41,INV_2044,2023-03-19 00:15:07,PROD_33,9,40.28,362.52
CUST_72,INV_4694,2023-03-19 02:27:54,PROD_14,6,332.85,1997.1
CUST_50,INV_2633,2023-03-19 04:10:07,PROD_10,8,252.95,2023.6
CUST_86,INV_2871,2023-03-19 19:01:22,PROD_43,3,318.22,954.66
CUST_98,INV_7141,2023-03-20 00:20:19,PROD_50,10,191.2,1912.0
CUST_96,INV_7752,2023-03-20 10:22:27,PROD_44,3,446.87,1340.61
CUST_82,INV_8309,2023-03-21 11:35:33,PROD_10,10,21.06,210.6
CUST_39,INV_2151,2023-03-21 17:00:39,PROD_50,10,233.54,2335.4
CUST_9,INV_7685,2023-03-22 04:25:30,PROD_28,10,241.85,2418.5
CUST_61,INV_2449,2023-03-22 10:36:23,PROD_49,10,302.73,3027.3
CUST_35,INV_6414,2023-03-22 15:29:41,PROD_43,3,335.59,1006.77
CUST_33,INV_8091,2023-03-22 16:32:31,PROD_17,5,381.04,1905.2
CUST_7,INV_1955,2023-03-22 16:52:16,PROD_50,7,426.87,2988.09
CUST_30,INV_5664,2023-03-23 10:07:22,PROD_31,6,295.1,1770.6
CUST_55,INV_5275,2023-03-23 15:31:42,PROD_27,7,453.9,3177.3
CUST_82,INV_2645,2023-03-23 17:10:41,PROD_31,2,121.84,243.68
CUST_5,INV_6353,2023-03-24 03:28:32,PROD_25,6,62.28,373.68
CUST_17,INV_3820,2023-03-24 05:11:38,PROD_42,3,184.2,552.6
CUST_20,INV_3370,2023-03-24 09:40:24,PROD_17,9,105.76,951.84
CUST_30,INV_2531,2023-03-24 13:16:08,PROD_29,4,320.27,1281.08
CUST_46,INV_2633,2023-03-24 21:15:19,PROD_35,8,26.77,214.16
CUST_73,INV_4670,2023-03-25 14:31:12,PROD_14,1,360.24,360.24
CUST_49,INV_6648,2023-03-25 16:13:03,PROD_40,3,394.85,1184.55
CUST_58,INV_7203,2023-03-25 18:27:23,PROD_3,9,197.08,1773.72
CUST_46,INV_7313,2023-03-26 06:45:44,PROD_33,2,222.71,445.42
CUST_31,INV_2110,2023-03-26 09:07:13,PROD_3,6,216.51,1299.06
CUST_74,INV_3702,2023-03-26 10:10:30,PROD_41,4,207.41,829.64
CUST_24,INV_4953,2023-03-26 15:36:40,PROD_42,8,100.65,805.2
CUST_8,INV_7906,2023-03-26 19:28:44,PROD_32,4,342.78,1371.12
CUST_87,INV_3619,2023-03-27 03:08:43,PROD_46,10,486.83,4868.3
CUST_80,INV_9334,2023-03-27 07:13:02,PROD_31,9,468.3,4214.7
CUST_75,INV_5450,2023-03-27 08:52:51,PROD_32,3,410.94,1232.82
CUST_21,INV_2154,2023-03-27 21:23:36,PROD_9,5,359.44,1797.2
CUST_37,INV_8532,2023-03-28 07:22:13,PROD_29,10,172.61,1726.1
CUST_97,INV_1238,2023-03-28 12:03:23,PROD_11,1,487.77,487.77
CUST_51,INV_5308,2023-03-28 16:24:36,PROD_25,1,244.04,244.04
CUST_87,INV_3878,2023-03-28 17:10:40,PROD_28,9,124.67,1122.03
CUST_62,INV_4303,2023-03-28 19:53:25,PROD_18,6,24.54,147.24
CUST_6,INV_4652,2023-03-28 22:30:48,PROD_10,1,17.47,17.47
CUST_97,INV_5104,2023-03-29 22:33:34,PROD_29,4,188.82,755.28
CUST_23,INV_8250,2023-03-30 01:52:53,PROD_24,10,449.08,4490.8
CUST_42,INV_3946,2023-03-30 12:31:14,PROD_43,10,145.54,1455.4
CUST_82,INV_9539,2023-03-30 22:34:28,PROD_18,3,86.42,259.26
CUST_40,INV_8481,2023-03-31 04:46:30,PROD_48,6,242.58,1455.48
CUST_95,INV_2640,2023-03-31 14:42:09,PROD_39,2,133.42,266.84
CUST_84,INV_1232,2023-03-31 18:00:35,PROD_45,4,472.2,1888.8
CUST_72,INV_9948,2023-04-01 02:55:04,PROD_22,8,39.7,317.6
CUST_38,INV_4387,2023-04-01 05:13:32,PROD_17,1,322.26,322.26
CUST_22,INV_7965,2023-04-01 05:34:13,PROD_25,2,394.4,788.8
CUST_75,INV_7138,2023-04-01 07:46:57,PROD_8,9,464.5,4180.5
CUST_97,INV_4104,2023-04-01 10:37:27,PROD_46,2,158.18,316.36
CUST_90,INV_9467,2023-04-01 14:19:17,PROD_33,3,140.86,422.58
CUST_59,INV_1194,2023-04-01 14:30:13,PROD_46,10,233.7,2337.0
CUST_43,INV_1442,2023-04-01 16:15:30,PROD_31,1,334.83,334.83
CUST_50,INV_3151,2023-04-01 23:10:53,PROD_13,7,499.32,3495.24
CUST_67,INV_4549,2023-04-02 16:17:39,PROD_40,5,5.52,27.6
CUST_7,INV_7785,2023-04-02 16:57:02,PROD_17,9,95.17,856.53
CUST_19,INV_9066,2023-04-02 17:46:43,PROD_46,2,71.34,142.68
CUST_64,INV_7450,2023-04-02 19:47:39,PROD_45,5,338.68,1693.4
CUST_48,INV_6866,2023-04-02 23:57:37,PROD_43,9,44.65,401.85
CUST_95,INV_8901,2023-04-03 08:31:10,PROD_10,6,429.62,2577.72
CUST_25,INV_3986,2023-04-03 17:35:29,PROD_11,5,323.92,1619.6
CUST_45,INV_3141,2023-04-03 19:31:59,PROD_43,5,312.09,1560.45
CUST_67,INV_1295,2023-04-04 21:15:55,PROD_19,10,146.81,1468.1
CUST_25,INV_2886,2023-04-05 05:30:03,PROD_3,8,157.72,1261.76
CUST_2,INV_5092,2023-04-05 05:36:10,PROD_14,10,202.01,2020.1
CUST_82,INV_2018,2023-04-05 17:00:45,PROD_2,2,481.4,962.8
CUST_52,INV_4872,2023-04-06 00:32:11,PROD_46,3,197.6,592.8
CUST_69,INV_5274,2023-04-06 15:57:16,PROD_20,9,293.19,2638.71
CUST_68,INV_8636,2023-04-06 19:38:49,PROD_45,7,177.01,1239.07
CUST_94,INV_4237,2023-04-06 20:36:25,PROD_43,5,223.94,1119.7
CUST_77,INV_7941,2023-04-07 00:10:49,PROD_37,5,271.9,1359.5
CUST_42,INV_4671,2023-04-07 18:01:34,PROD_10,5,256.63,1283.15
CUST_76,INV_7992,2023-04-08 03:01:00,PROD_27,1,298.58,298.58
CUST_8,INV_4866,2023-04-08 14:41:31,PROD_4,8,146.89,1175.12
CUST_80,INV_7871,2023-04-08 18:42:29,PROD_49,9,117.73,1059.57
CUST_3,INV_7673,2023-04-08 23:34:29,PROD_13,8,149.01,1192.08
CUST_22,INV_9280,2023-04-08 23:57:57,PROD_12,10,88.28,882.8
CUST_17,INV_8800,2023-04-09 05:27:30,PROD_16,1,22.36,22.36
CUST_16,INV_8083,2023-04-09 14:24:36,PROD_45,3,224.77,674.31
CUST_91,INV_6404,2023-04-09 17:20:42,PROD_43,3,189.08,567.24
CUST_21,INV_1729,2023-04-10 04:28:26,PROD_14,2,471.15,942.3
CUST_1,INV_6281,2023-04-10 05:57:54,PROD_27,1,292.87,292.87
CUST_58,INV_3670,2023-04-10 06:37:24,PROD_35,8,197.07,1576.56
CUST_66,INV_4351,2023-04-10 07:08:23,PROD_9,1,28.61,28.61
CUST_81,INV_5216,2023-04-10 17:24:55,PROD_9,4,231.01,924.04
CUST_28,INV_3380,2023-04-10 22:13:26,PROD_45,7,223.94,1567.58
CUST_54,INV_3794,2023-04-11 04:17:36,PROD_36,4,466.41,1865.64
CUST_10,INV_2107,2023-04-11 08:15:24,PROD_30,6,390.22,2341.32
CUST_30,INV_1432,2023-04-11 10:42:08,PROD_37,6,246.56,1479.36
CUST_25,INV_4142,2023-04-11 15:55:17,PROD_44,1,401.03,401.03
CUST_64,INV_8750,2023-04-11 17:06:24,PROD_28,3,210.56,631.68
CUST_100,INV_4239,2023-04-11 22:49:10,PROD_18,7,27.8,194.6
CUST_49,INV_2427,2023-04-12 16:36:39,PROD_16,4,293.47,1173.88
CUST_95,INV_2555,2023-04-13 03:54:15,PROD_39,1,223.26,223.26
CUST_66,INV_8697,2023-04-13 06:06:50,PROD_33,5,53.22,266.1
CUST_46,INV_5023,2023-04-13 12:37:49,PROD_36,8,174.93,1399.44
CUST_85,INV_5231,2023-04-14 02:51:13,PROD_6,2,18.08,36.16
CUST_84,INV_1466,2023-04-15 05:57:34,PROD_23,2,433.94,867.88
CUST_83,INV_3386,2023-04-15 12:31:26,PROD_26,9,193.02,1737.18
CUST_55,INV_3128,2023-04-15 16:56:51,PROD_20,7,325.27,2276.89
CUST_24,INV_4270,2023-04-15 21:41:53,PROD_17,5,120.76,603.8
CUST_100,INV_8895,2023-04-16 03:46:17,PROD_7,9,187.27,1685.43
CUST_39,INV_4120,2023-04-16 05:53:47,PROD_33,5,259.59,1297.95
CUST_36,INV_6251,2023-04-18 03:27:08,PROD_5,4,337.81,1351.24
CUST_43,INV_8454,2023-04-18 04:10:22,PROD_8,9,18.32,164.88
CUST_71,INV_4280,2023-04-18 19:33:28,PROD_2,9,25.82,232.38
CUST_86,INV_7413,2023-04-19 02:08:33,PROD_31,5,488.45,2442.25
CUST_37,INV_9040,2023-04-19 12:16:51,PROD_27,2,57.42,114.84
CUST_38,INV_1854,2023-04-20 01:06:42,PROD_22,6,181.87,1091.22
CUST_54,INV_2974,2023-04-20 03:40:14,PROD_24,3,111.37,334.11
CUST_26,INV_3246,2023-04-20 11:42:43,PROD_21,10,135.29,1352.9
CUST_2,INV_1097,2023-04-20 13:10:43,PROD_20,9,182.05,1638.45
CUST_61,INV_8477,2023-04-20 17:43:17,PROD_50,7,322.1,2254.7
CUST_68,INV_3441,2023-04-21 01:21:16,PROD_14,6,293.11,1758.66
CUST_83,INV_9165,2023-04-22 05:06:51,PROD_15,10,246.86,2468.6
CUST_71,INV_6437,2023-04-22 13:55:36,PROD_20,1,130.37,130.37
CUST_2,INV_6523,2023-04-22 15:35:53,PROD_26,1,27.28,27.28
CUST_17,INV_7179,2023-04-22 22:03:48,PROD_35,3,324.69,974.07
CUST_94,INV_1258,2023-04-23 13:30:45,PROD_35,6,97.02,582.12
CUST_77,INV_9570,2023-04-23 23:46:32,PROD_38,5,324.47,1622.35
CUST_43,INV_6927,2023-04-24 02:28:13,PROD_46,9,447.65,4028.85
CUST_64,INV_2912,2023-04-24 07:36:19,PROD_1,2,496.69,993.38
CUST_70,INV_5429,2023-04-26 08:04:50,PROD_27,3,235.61,706.83
CUST_9,INV_9086,2023-04-26 15:07:14,PROD_3,7,208.66,1460.62
CUST_99,INV_9781,2023-04-26 16:46:01,PROD_39,9,51.59,464.31
CUST_50,INV_7175,2023-04-26 16:59:53,PROD_30,5,49.34,246.7
CUST_11,INV_3757,2023-04-26 20:08:19,PROD_33,2,88.66,177.32
CUST_41,INV_1822,2023-04-27 08:57:34,PROD_47,3,354.85,1064.55
CUST_36,INV_9448,2023-04-27 22:02:05,PROD_5,4,406.59,1626.36
CUST_45,INV_4286,2023-04-28 11:08:22,PROD_14,5,20.62,103.1
CUST_60,INV_3882,2023-04-28 13:29:07,PROD_5,10,490.31,4903.1
CUST_80,INV_7962,2023-04-29 09:29:35,PROD_50,3,111.86,335.58
CUST_67,INV_2379,2023-04-29 11:53:47,PROD_46,5,241.44,1207.2
CUST_48,INV_7127,2023-04-30 08:07:45,PROD_22,1,492.54,492.54
CUST_98,INV_1514,2023-04-30 09:29:24,PROD_10,1,148.37,148.37
CUST_92,INV_7036,2023-04-30 10:03:30,PROD_13,9,231.76,2085.84
CUST_84,INV_2899,2023-04-30 15:09:21,PROD_4,1,140.85,140.85
CUST_86,INV_1460,2023-05-01 09:10:52,PROD_45,3,382.83,1148.49
CUST_36,INV_2751,2023-05-01 11:39:52,PROD_41,6,94.65,567.9
CUST_2,INV_4985,2023-05-01 12:24:26,PROD_18,6,282.98,1697.88
CUST_53,INV_1060,2023-05-01 12:37:09,PROD_50,5,225.7,1128.5
CUST_30,INV_1279,2023-05-02 17:08:03,PROD_24,1,395.62,395.62
CUST_47,INV_8848,2023-05-02 17:59:44,PROD_36,2,57.16,114.32
CUST_73,INV_4947,2023-05-03 15:27:27,PROD_42,5,410.37,2051.85
CUST_46,INV_2371,2023-05-04 04:52:39,PROD_33,4,176.13,704.52
CUST_77,INV_9987,2023-05-04 08:40:02,PROD_15,7,203.0,1421.0
CUST_90,INV_3292,2023-05-05 03:59:07,PROD_46,8,477.47,3819.76
CUST_96,INV_8300,2023-05-05 05:15:45,PROD_30,6,133.16,798.96
CUST_93,INV_9033,2023-05-05 08:06:47,PROD_12,10,5.94,59.4
CUST_71,INV_2333,2023-05-05 10:31:44,PROD_19,4,19.09,76.36
CUST_22,INV_6032,2023-05-05 16:37:17,PROD_27,10,188.97,1889.7
CUST_100,INV_5187,2023-05-06 05:00:48,PROD_4,2,127.22,254.44
CUST_52,INV_3033,2023-05-06 07:07:10,PROD_16,4,193.19,772.76
CUST_92,INV_6663,2023-05-06 07:13:38,PROD_48,9,25.78,232.02
CUST_88,INV_8361,2023-05-06 16:16:45,PROD_15,6,223.29,1339.74
CUST_36,INV_4425,2023-05-07 03:05:32,PROD_43,6,101.77,610.62
CUST_51,INV_7382,2023-05-07 15:25:44,PROD_33,5,208.17,1040.85
CUST_89,INV_7216,2023-05-08 00:38:48,PROD_25,5,446.9,2234.5
CUST_62,INV_1936,2023-05-08 13:31:06,PROD_6,6,172.41,1034.46
CUST_80,INV_1786,2023-05-09 01:52:20,PROD_11,7,134.72,943.04
CUST_90,INV_2132,2023-05-09 22:12:16,PROD_44,10,475.64,4756.4
CUST_25,INV_4444,2023-05-09 23:37:59,PROD_38,8,257.63,2061.04
CUST_35,INV_4530,2023-05-11 18:41:33,PROD_21,5,137.01,685.05
CUST_41,INV_8722,2023-05-11 21:14:08,PROD_7,5,5.49,27.45
CUST_84,INV_9267,2023-05-11 22:26:32,PROD_14,6,394.0,2364.0
CUST_43,INV_9008,2023-05-12 03:14:59,PROD_33,2,38.06,76.12
CUST_2,INV_8461,2023-05-12 17:30:09,PROD_2,8,360.09,2880.72
CUST_95,INV_1761,2023-05-13 12:58:32,PROD_39,2,277.82,555.64
CUST_95,INV_2481,2023-05-13 17:54:39,PROD_5,10,230.38,2303.8
CUST_87,INV_6221,2023-05-15 01:11:05,PROD_19,1,318.98,318.98
CUST_54,INV_5255,2023-05-15 07:53:48,PROD_27,2,371.99,743.98
CUST_80,INV_4796,2023-05-15 13:40:57,PROD_5,4,66.31,265.24
CUST_3,INV_6909,2023-05-15 18:16:17,PROD_26,2,335.08,670.16
CUST_6,INV_2267,2023-05-15 21:57:36,PROD_27,5,276.54,1382.7
CUST_50,INV_3781,2023-05-16 19:23:05,PROD_38,5,213.57,1067.85
CUST_91,INV_1838,2023-05-16 21:23:28,PROD_6,3,248.5,745.5
CUST_54,INV_7918,2023-05-17 04:37:03,PROD_23,2,99.41,198.82
CUST_78,INV_9058,2023-05-17 08:47:31,PROD_34,1,190.17,190.17
CUST_8,INV_2861,2023-05-17 15:33:42,PROD_43,3,347.92,1043.76
CUST_7,INV_7158,2023-05-17 15:38:36,PROD_3,7,176.54,1235.78
CUST_94,INV_1942,2023-05-17 22:22:15,PROD_10,5,448.52,2242.6
CUST_42,INV_4778,2023-05-18 02:01:08,PROD_46,3,465.97,1397.91
CUST_31,INV_2826,2023-05-19 08:23:01,PROD_3,9,10.58,95.22
CUST_61,INV_7633,2023-05-19 12:01:31,PROD_14,1,458.57,458.57
CUST_32,INV_8974,2023-05-19 19:23:51,PROD_24,9,389.61,3506.49
CUST_90,INV_7816,2023-05-20 14:46:34,PROD_13,8,143.74,1149.92
CUST_49,INV_6727,2023-05-20 18:17:15,PROD_36,7,87.75,614.25
CUST_78,INV_6497,2023-05-20 19:17:07,PROD_4,3,408.82,1226.46
CUST_6,INV_9852,2023-05-21 03:23:24,PROD_1,9,210.75,1896.75
CUST_78,INV_5400,2023-05-21 04:08:57,PROD_31,6,389.53,2337.18
CUST_21,INV_4965,2023-05-21 13:08:47,PROD_14,9,101.55,913.95
CUST_39,INV_3265,2023-05-21 13:56:13,PROD_42,4,317.47,1269.88
CUST_83,INV_5215,2023-05-22 06:29:23,PROD_34,4,165.2,660.8
CUST_70,INV_6025,2023-05-22 11:43:06,PROD_16,3,64.16,192.48
CUST_10,INV_3234,2023-05-22 17:26:09,PROD_22,3,491.52,1474.56
CUST_12,INV_7365,2023-05-24 01:26:09,PROD_7,6,341.53,2049.18
CUST_7,INV_2526,2023-05-24 01:27:05,PROD_14,7,120.51,843.57
CUST_56,INV_3432,2023-05-24 09:19:19,PROD_42,5,134.98,674.9
CUST_64,INV_4734,2023-05-24 13:18:31,PROD_14,5,366.5,1832.5
CUST_56,INV_2930,2023-05-24 14:16:44,PROD_37,2,349.12,698.24
CUST_92,INV_8956,2023-05-24 22:04:32,PROD_45,2,19.95,39.9
CUST_21,INV_7437,2023-05-24 22:50:34,PROD_35,6,466.42,2798.52
CUST_81,INV_2409,2023-05-26 18:39:25,PROD_13,2,285.34,570.68
CUST_5,INV_3424,2023-05-26 22:41:36,PROD_4,5,164.74,823.7
CUST_99,INV_7386,2023-05-28 03:21:50,PROD_48,5,187.01,935.05
CUST_31,INV_8337,2023-05-28 07:46:50,PROD_13,2,219.89,439.78
CUST_42,INV_4254,2023-05-29 14:52:40,PROD_21,7,11.88,83.16
CUST_82,INV_4313,2023-05-29 23:47:35,PROD_13,3,354.03,1062.09
CUST_24,INV_1616,2023-05-30 15:15:43,PROD_44,6,299.98,1799.88
CUST_99,INV_4456,2023-05-31 03:53:24,PROD_2,5,369.98,1849.9
CUST_88,INV_4116,2023-05-31 07:21:28,PROD_12,8,79.43,635.44
CUST_13,INV_6459,2023-06-01 01:45:28,PROD_9,7,16.91,118.37
CUST_76,INV_4626,2023-06-01 14:40:54,PROD_23,1,460.5,460.5
CUST_58,INV_6938,2023-06-02 01:10:31,PROD_25,9,362.65,3263.85
CUST_24,INV_7465,2023-06-03 08:26:49,PROD_33,3,216.35,649.05
CUST_20,INV_5061,2023-06-03 10:23:28,PROD_45,7,10.32,72.24
CUST_62,INV_6200,2023-06-03 18:02:51,PROD_19,8,372.25,2978.0
CUST_20,INV_8226,2023-06-03 22:54:22,PROD_3,7,187.65,1313.55
CUST_99,INV_5443,2023-06-04 06:30:41,PROD_16,5,248.94,1244.7
CUST_19,INV_1734,2023-06-04 16:34:31,PROD_11,2,284.28,568.56
CUST_69,INV_5404,2023-06-04 23:02:52,PROD_49,9,194.63,1751.67
CUST_95,INV_3669,2023-06-05 11:07:21,PROD_5,5,144.31,721.55
CUST_53,INV_4494,2023-06-05 12:49:37,PROD_34,2,255.96,511.92
CUST_71,INV_2787,2023-06-05 13:17:13,PROD_32,4,315.95,1263.8
CUST_79,INV_7867,2023-06-05 14:54:35,PROD_37,5,91.19,455.95
CUST_33,INV_5926,2023-06-05 18:48:51,PROD_49,2,416.96,833.92
CUST_49,INV_4061,2023-06-06 08:21:15,PROD_34,5,384.06,1920.3
CUST_13,INV_6872,2023-06-06 08:25:55,PROD_16,7,107.46,752.22
CUST_36,INV_9423,2023-06-06 12:56:18,PROD_34,5,102.79,513.95
CUST_17,INV_4744,2023-06-06 16:16:25,PROD_17,7,293.38,2053.66
CUST_1,INV_9139,2023-06-06 21:56:14,PROD_48,6,18.3,109.8
CUST_32,INV_1511,2023-06-07 02:16:14,PROD_12,10,369.0,3690.0
CUST_26,INV_3228,2023-06-07 06:20:25,PROD_21,4,47.82,191.28
CUST_10,INV_7930,2023-06-07 08:38:26,PROD_43,9,150.71,1356.39
CUST_57,INV_8116,2023-06-07 12:04:01,PROD_4,3,82.34,247.02
CUST_40,INV_8785,2023-06-07 12:36:13,PROD_33,1,27.27,27.27
CUST_2,INV_9612,2023-06-07 12:48:03,PROD_45,5,498.99,2494.95
CUST_24,INV_5519,2023-06-08 02:51:29,PROD_24,3,197.01,591.03
CUST_34,INV_3476,2023-06-08 10:20:22,PROD_49,10,44.27,442.7
CUST_32,INV_5306,2023-06-08 10:26:02,PROD_43,4,126.8,507.2
CUST_77,INV_9626,2023-06-08 11:53:00,PROD_42,3,234.56,703.68
CUST_74,INV_8055,2023-06-08 23:09:59,PROD_8,3,217.85,653.55
CUST_17,INV_5730,2023-06-09 04:49:50,PROD_8,10,24.11,241.1
CUST_62,INV_5953,2023-06-09 20:19:50,PROD_29,4,278.72,1114.88
CUST_67,INV_7121,2023-06-10 03:08:33,PROD_15,4,288.5,1154.0
CUST_44,INV_7767,2023-06-10 09:00:06,PROD_8,2,140.21,280.42
CUST_52,INV_9036,2023-06-10 22:13:57,PROD_49,8,221.46,1771.68
CUST_81,INV_9482,2023-06-11 16:38:27,PROD_7,2,223.54,447.08
CUST_75,INV_8624,2023-06-11 21:42:31,PROD_49,2,133.53,267.06
CUST_63,INV_1527,2023-06-11 23:18:29,PROD_5,6,182.18,1093.08
CUST_83,INV_3016,2023-06-12 00:50:43,PROD_39,4,393.13,1572.52
CUST_49,INV_5641,2023-06-12 03:22:44,PROD_44,2,479.57,959.14
CUST_73,INV_8075,2023-06-14 18:33:32,PROD_29,7,412.76,2889.32
CUST_48,INV_7789,2023-06-15 00:03:20,PROD_42,8,322.75,2582.0
CUST_63,INV_5967,2023-06-15 13:42:33,PROD_9,7,248.85,1741.95
CUST_1,INV_4779,2023-06-15 13:46:52,PROD_43,8,137.07,1096.56
CUST_83,INV_6059,2023-06-15 17:05:17,PROD_24,7,66.94,468.58
CUST_91,INV_8635,2023-06-15 23:33:23,PROD_48,5,214.15,1070.75
CUST_83,INV_8911,2023-06-16 01:16:39,PROD_29,3,71.39,214.17
CUST_85,INV_7401,2023-06-16 09:16:06,PROD_2,6,112.18,673.08
CUST_2,INV_5596,2023-06-16 12:41:17,PROD_24,2,119.41,238.82
CUST_62,INV_4497,2023-06-16 17:43:59,PROD_17,6,487.01,2922.06
CUST_12,INV_2213,2023-06-16 19:16:42,PROD_23,3,334.9,1004.7
CUST_85,INV_9620,2023-06-17 11:40:28,PROD_32,2,214.9,429.8
CUST_84,INV_5726,2023-06-17 15:19:56,PROD_16,10,62.46,624.6
CUST_88,INV_3831,2023-06-18 04:54:57,PROD_24,4,154.93,619.72
CUST_70,INV_8279,2023-06-18 16:48:56,PROD_17,8,432.69,3461.52
CUST_21,INV_5749,2023-06-18 21:04:47,PROD_44,3,327.89,983.67
CUST_67,INV_9619,2023-06-19 03:21:09,PROD_38,10,58.78,587.8
CUST_49,INV_2510,2023-06-20 08:40:18,PROD_34,9,256.22,2305.98
CUST_59,INV_1593,2023-06-20 09:48:09,PROD_32,1,445.07,445.07
CUST_11,INV_4230,2023-06-20 19:51:59,PROD_21,10,104.28,1042.8
CUST_48,INV_2384,2023-06-20 22:35:14,PROD_21,1,189.65,189.65
CUST_59,INV_1682,2023-06-21 06:53:45,PROD_4,7,368.85,2581.95
CUST_34,INV_1245,2023-06-21 14:40:42,PROD_33,10,416.26,4162.6
CUST_39,INV_7741,2023-06-21 17:00:21,PROD_38,10,61.6,616.0
CUST_72,INV_6026,2023-06-22 02:28:16,PROD_50,3,105.4,316.2
CUST_59,INV_7440,2023-06-22 06:44:31,PROD_42,3,274.13,822.39
CUST_3,INV_4806,2023-06-22 15:40:02,PROD_18,9,113.83,1024.47
CUST_84,INV_3163,2023-06-23 19:36:54,PROD_22,6,239.34,1436.04
CUST_81,INV_7181,2023-06-24 04:42:09,PROD_11,7,189.83,1328.81
CUST_93,INV_1960,2023-06-24 07:16:15,PROD_14,6,139.67,838.02
CUST_19,INV_3387,2023-06-25 20:21:59,PROD_49,4,197.28,789.12
CUST_85,INV_2530,2023-06-26 20:26:56,PROD_40,8,202.93,1623.44
CUST_44,INV_4308,2023-06-27 13:06:49,PROD_23,8,477.73,3821.84
CUST_55,INV_9209,2023-06-27 16:50:41,PROD_31,2,51.11,102.22
CUST_57,INV_5095,2023-06-27 19:56:01,PROD_1,2,67.67,135.34
CUST_22,INV_2265,2023-06-28 07:37:31,PROD_5,9,129.15,1162.35
CUST_86,INV_5741,2023-06-29 02:07:12,PROD_27,5,101.34,506.7
CUST_26,INV_7207,2023-06-29 09:20:03,PROD_1,2,204.8,409.6
CUST_82,INV_9679,2023-06-29 11:16:00,PROD_4,9,261.96,2357.64
CUST_63,INV_2103,2023-06-29 18:42:03,PROD_39,6,410.53,2463.18
CUST_40,INV_3147,2023-06-29 18:57:55,PROD_2,9,23.81,214.29
CUST_41,INV_7471,2023-06-29 22:56:28,PROD_35,3,318.89,956.67
CUST_37,INV_7640,2023-06-30 00:55:51,PROD_50,3,60.1,180.3
CUST_11,INV_8803,2023-06-30 05:36:53,PROD_4,4,439.17,1756.68
CUST_98,INV_4812,2023-06-30 13:56:19,PROD_17,4,33.16,132.64
CUST_87,INV_5647,2023-07-02 05:53:05,PROD_2,7,224.07,1568.49
CUST_24,INV_8743,2023-07-02 10:42:21,PROD_4,4,119.07,476.28
CUST_96,INV_3973,2023-07-02 15:57:49,PROD_6,7,192.73,1349.11
CUST_99,INV_5302,2023-07-03 10:11:59,PROD_4,2,435.74,871.48
CUST_23,INV_5034,2023-07-03 13:54:51,PROD_10,9,389.88,3508.92
CUST_40,INV_6259,2023-07-04 00:51:18,PROD_17,9,12.65,113.85
CUST_5,INV_7319,2023-07-04 04:09:00,PROD_7,5,300.91,1504.55
CUST_61,INV_9020,2023-07-04 11:15:20,PROD_27,5,467.3,2336.5
CUST_15,INV_8011,2023-07-04 14:48:36,PROD_9,5,481.64,2408.2
CUST_71,INV_3784,2023-07-04 15:26:57,PROD_16,8,83.49,667.92
CUST_68,INV_2409,2023-07-04 15:28:38,PROD_2,7,436.12,3052.84
CUST_20,INV_6408,2023-07-05 03:28:53,PROD_42,7,366.53,2565.71
CUST_37,INV_8638,2023-07-05 22:39:42,PROD_8,2,53.3,106.6
CUST_94,INV_6132,2023-07-06 03:13:21,PROD_34,9,125.03,1125.27
CUST_50,INV_9215,2023-07-06 03:48:12,PROD_2,8,192.46,1539.68
CUST_95,INV_3936,2023-07-06 09:52:51,PROD_18,10,87.04,870.4
CUST_87,INV_5822,2023-07-06 10:56:04,PROD_24,4,130.86,523.44
CUST_42,INV_3669,2023-07-06 19:03:17,PROD_33,9,94.79,853.11
CUST_99,INV_9987,2023-07-07 03:53:58,PROD_19,9,72.22,649.98
CUST_21,INV_5634,2023-07-08 11:04:38,PROD_12,7,291.65,2041.55
CUST_83,INV_8215,2023-07-08 21:53:43,PROD_7,3,406.82,1220.46
CUST_16,INV_7979,2023-07-09 20:13:33,PROD_34,7,48.05,336.35
CUST_1,INV_3311,2023-07-09 22:16:44,PROD_11,4,214.48,857.92
CUST_29,INV_7360,2023-07-11 11:22:05,PROD_40,7,270.57,1893.99
CUST_16,INV_8519,2023-07-13 03:14:01,PROD_20,2,81.83,163.66
CUST_88,INV_5251,2023-07-13 18:47:04,PROD_11,3,115.84,347.52
CUST_64,INV_5129,2023-07-14 11:26:42,PROD_14,5,272.83,1364.15
CUST_5,INV_6324,2023-07-15 00:38:19,PROD_3,1,315.44,315.44
CUST_8,INV_3795,2023-07-15 03:31:54,PROD_31,6,404.56,2427.36
CUST_71,INV_1061,2023-07-15 05:22:12,PROD_8,10,240.43,2404.3
CUST_82,INV_8058,2023-07-15 06:12:20,PROD_42,2,123.4,246.8
CUST_28,INV_6680,2023-07-15 10:02:09,PROD_30,3,345.28,1035.84
CUST_52,INV_9801,2023-07-15 16:11:50,PROD_3,4,321.15,1284.6
CUST_32,INV_1970,2023-07-15 21:55:50,PROD_4,10,280.33,2803.3
CUST_65,INV_8769,2023-07-16 02:20:27,PROD_42,1,95.5,95.5
CUST_32,INV_3250,2023-07-16 04:31:34,PROD_44,2,53.55,107.1
CUST_42,INV_5367,2023-07-16 19:36:42,PROD_21,6,18.12,108.72
CUST_33,INV_9614,2023-07-16 23:40:16,PROD_16,6,335.38,2012.28
CUST_42,INV_9177,2023-07-17 02:01:29,PROD_33,2,62.31,124.62
CUST_22,INV_6537,2023-07-17 08:25:06,PROD_32,7,353.97,2477.79
CUST_66,INV_5316,2023-07-17 10:29:21,PROD_28,8,392.84,3142.72
CUST_33,INV_8552,2023-07-18 03:49:11,PROD_38,1,85.88,85.88
CUST_93,INV_5406,2023-07-18 07:35:32,PROD_49,7,386.19,2703.33
CUST_6,INV_3013,2023-07-18 14:28:26,PROD_38,1,176.11,176.11
CUST_53,INV_7778,2023-07-19 07:08:41,PROD_27,2,235.32,470.64
CUST_23,INV_8855,2023-07-19 09:11:35,PROD_9,2,215.77,431.54
CUST_41,INV_3150,2023-07-20 21:00:37,PROD_28,10,474.32,4743.2
CUST_30,INV_2619,2023-07-22 12:31:25,PROD_25,4,160.94,643.76
CUST_7,INV_9436,2023-07-22 21:58:33,PROD_23,1,113.51,113.51
CUST_94,INV_6164,2023-07-23 07:58:40,PROD_33,6,42.91,257.46
CUST_20,INV_8704,2023-07-24 02:54:35,PROD_19,8,241.71,1933.68
CUST_13,INV_3603,2023-07-24 05:57:38,PROD_21,7,372.74,2609.18
CUST_21,INV_8989,2023-07-24 22:09:15,PROD_33,8,69.94,559.52
CUST_44,INV_6776,2023-07-24 22:46:48,PROD_24,7,369.85,2588.95
CUST_92,INV_4085,2023-07-25 08:29:32,PROD_10,6,179.96,1079.76
CUST_36,INV_2131,2023-07-25 13:55:04,PROD_8,3,266.07,798.21
CUST_33,INV_5988,2023-07-25 18:27:27,PROD_4,8,202.84,1622.72
CUST_40,INV_6124,2023-07-26 06:29:15,PROD_38,9,9.44,84.96
CUST_64,INV_1905,2023-07-26 11:51:30,PROD_1,7,296.87,2078.09
CUST_64,INV_8341,2023-07-26 22:51:16,PROD_49,2,406.17,812.34
CUST_39,INV_9861,2023-07-27 09:03:00,PROD_39,8,435.39,3483.12
CUST_74,INV_5886,2023-07-27 23:16:45,PROD_34,6,262.33,1573.98
CUST_4,INV_7644,2023-07-28 00:46:31,PROD_25,8,370.02,2960.16
CUST_8,INV_2689,2023-07-28 02:48:12,PROD_40,5,430.45,2152.25
CUST_14,INV_2103,2023-07-28 12:59:58,PROD_16,1,469.45,469.45
CUST_13,INV_1363,2023-07-28 14:24:27,PROD_30,3,180.57,541.71
CUST_32,INV_1938,2023-07-29 08:13:59,PROD_37,2,269.9,539.8
CUST_67,INV_6470,2023-07-29 10:55:18,PROD_45,2,435.09,870.18
CUST_13,INV_9005,2023-07-29 10:55:39,PROD_10,5,136.93,684.65
CUST_76,INV_9245,2023-07-29 18:31:47,PROD_26,9,424.89,3824.01
CUST_34,INV_6687,2023-07-31 03:12:38,PROD_43,3,189.45,568.35
CUST_78,INV_8968,2023-07-31 03:52:25,PROD_10,4,310.5,1242.0
CUST_11,INV_7764,2023-07-31 06:34:25,PROD_43,5,304.74,1523.7
CUST_24,INV_7407,2023-07-31 22:38:59,PROD_36,5,91.0,455.0
CUST_23,INV_1483,2023-08-01 07:57:16,PROD_49,6,422.94,2537.64
CUST_69,INV_9368,2023-08-02 19:20:09,PROD_29,1,478.11,478.11
CUST_63,INV_3481,2023-08-03 02:20:12,PROD_1,8,24.61,196.88
CUST_91,INV_4617,2023-08-04 06:54:52,PROD_41,6,180.9,1085.4
CUST_31,INV_2591,2023-08-04 17:23:31,PROD_32,10,349.37,3493.7
CUST_70,INV_8260,2023-08-04 20:08:06,PROD_13,10,167.13,1671.3
CUST_86,INV_2462,2023-08-05 07:48:55,PROD_14,5,492.55,2462.75
CUST_71,INV_9491,2023-08-05 09:36:48,PROD_16,7,43.29,303.03
CUST_66,INV_5537,2023-08-05 13:34:27,PROD_38,7,265.68,1859.76
CUST_2,INV_6474,2023-08-05 13:45:38,PROD_30,3,498.99,1496.97
CUST_66,INV_5818,2023-08-06 07:57:18,PROD_4,2,41.55,83.1
CUST_74,INV_4031,2023-08-06 12:03:02,PROD_48,10,453.67,4536.7
CUST_85,INV_5610,2023-08-06 13:10:50,PROD_36,7,200.81,1405.67
CUST_28,INV_7676,2023-08-07 01:06:31,PROD_18,8,62.52,500.16
CUST_37,INV_9819,2023-08-07 23:02:31,PROD_27,8,141.57,1132.56
CUST_2,INV_6461,2023-08-08 05:21:21,PROD_24,8,382.72,3061.76
CUST_11,INV_1334,2023-08-08 10:30:29,PROD_29,8,271.01,2168.08
CUST_4,INV_2110,2023-08-08 17:56:41,PROD_5,1,122.58,122.58
CUST_86,INV_8518,2023-08-09 06:12:27,PROD_37,2,448.63,897.26
CUST_8,INV_4444,2023-08-09 11:34:05,PROD_6,5,9.42,47.1
CUST_52,INV_1030,2023-08-09 20:59:08,PROD_28,5,395.32,1976.6
CUST_15,INV_9323,2023-08-11 02:52:27,PROD_42,6,202.11,1212.66
CUST_17,INV_2472,2023-08-11 03:23:34,PROD_50,2,336.23,672.46
CUST_42,INV_3613,2023-08-11 04:22:26,PROD_17,5,208.39,1041.95
CUST_86,INV_2197,2023-08-11 15:43:50,PROD_19,3,269.26,807.78
CUST_49,INV_7128,2023-08-11 18:39:03,PROD_48,7,362.53,2537.71
CUST_19,INV_9586,2023-08-12 21:54:54,PROD_13,5,78.36,391.8
CUST_61,INV_1753,2023-08-14 03:01:20,PROD_8,7,366.11,2562.77
CUST_23,INV_4743,2023-08-14 22:36:04,PROD_46,10,43.15,431.5
CUST_37,INV_1611,2023-08-15 08:01:36,PROD_19,10,255.08,2550.8
CUST_53,INV_8983,2023-08-15 09:50:20,PROD_4,6,445.85,2675.1
CUST_31,INV_8236,2023-08-16 05:12:23,PROD_7,10,485.3,4853.0
CUST_14,INV_4420,2023-08-16 08:37:13,PROD_25,10,255.79,2557.9
CUST_86,INV_4724,2023-08-16 12:29:24,PROD_33,5,221.72,1108.6
CUST_94,INV_1548,2023-08-16 15:23:22,PROD_37,7,449.94,3149.58
CUST_25,INV_1420,2023-08-16 19:07:41,PROD_39,9,141.39,1272.51
CUST_87,INV_8423,2023-08-16 22:06:28,PROD_46,6,340.89,2045.34
CUST_49,INV_8097,2023-08-17 07:54:36,PROD_19,10,393.03,3930.3
CUST_76,INV_9345,2023-08-17 14:17:15,PROD_21,9,114.71,1032.39
CUST_51,INV_1784,2023-08-17 14:27:52,PROD_36,7,136.73,957.11
CUST_4,INV_7521,2023-08-17 21:43:09,PROD_19,7,114.27,799.89
CUST_21,INV_6400,2023-08-18 04:39:30,PROD_16,4,374.82,1499.28
CUST_9,INV_7741,2023-08-18 13:24:12,PROD_28,10,332.0,3320.0
CUST_90,INV_8239,2023-08-18 13:29:03,PROD_19,2,422.77,845.54
CUST_80,INV_9527,2023-08-18 17:23:43,PROD_27,10,425.31,4253.1
CUST_27,INV_4384,2023-08-18 18:42:39,PROD_11,8,404.32,3234.56
CUST_92,INV_7621,2023-08-19 15:24:48,PROD_36,5,49.39,246.95
CUST_13,INV_6231,2023-08-19 19:39:36,PROD_19,1,137.99,137.99
CUST_4,INV_4263,2023-08-20 07:33:57,PROD_13,6,295.1,1770.6
CUST_39,INV_3725,2023-08-20 13:59:07,PROD_17,1,29.55,29.55
CUST_60,INV_6352,2023-08-20 16:31:08,PROD_6,10,441.93,4419.3
CUST_28,INV_4681,2023-08-20 18:32:08,PROD_25,4,266.74,1066.96
CUST_39,INV_3615,2023-08-21 04:28:01,PROD_6,6,212.44,1274.64
CUST_28,INV_9436,2023-08-21 08:07:19,PROD_23,10,300.79,3007.9
CUST_22,INV_6502,2023-08-21 21:28:48,PROD_32,4,9.22,36.88
CUST_72,INV_1615,2023-08-22 02:41:30,PROD_22,4,165.79,663.16
CUST_94,INV_9682,2023-08-22 03:55:25,PROD_50,8,215.76,1726.08
CUST_95,INV_7675,2023-08-22 13:38:39,PROD_50,2,204.65,409.3
CUST_74,INV_5140,2023-08-22 14:11:10,PROD_46,7,437.12,3059.84
CUST_99,INV_9193,2023-08-22 15:36:40,PROD_33,4,488.57,1954.28
CUST_98,INV_6256,2023-08-23 10:50:08,PROD_10,9,490.28,4412.52
CUST_65,INV_7781,2023-08-23 14:45:46,PROD_2,2,376.34,752.68
CUST_60,INV_3154,2023-08-24 10:41:20,PROD_41,2,374.12,748.24
CUST_57,INV_5362,2023-08-25 07:12:23,PROD_4,3,268.21,804.63
CUST_37,INV_9494,2023-08-25 09:05:01,PROD_20,3,388.79,1166.37
CUST_51,INV_3211,2023-08-25 09:47:15,PROD_50,7,384.35,2690.45
CUST_14,INV_1145,2023-08-25 12:49:55,PROD_2,8,332.34,2658.72
CUST_29,INV_2127,2023-08-25 14:34:18,PROD_27,9,402.71,3624.39
CUST_25,INV_3377,2023-08-26 07:38:30,PROD_45,7,468.26,3277.82
CUST_2,INV_5991,2023-08-26 12:03:01,PROD_38,2,485.72,971.44
CUST_1,INV_8821,2023-08-26 16:38:33,PROD_39,10,58.38,583.8
CUST_50,INV_2756,2023-08-26 19:08:30,PROD_8,9,253.67,2283.03
CUST_26,INV_5506,2023-08-27 20:24:08,PROD_11,9,214.49,1930.41
CUST_26,INV_7345,2023-08-27 21:39:24,PROD_48,2,385.34,770.68
CUST_82,INV_2250,2023-08-28 04:11:43,PROD_12,8,90.09,720.72
CUST_92,INV_4432,2023-08-28 06:23:47,PROD_7,3,215.44,646.32
CUST_14,INV_5975,2023-08-28 20:25:31,PROD_36,7,424.75,2973.25
CUST_71,INV_3353,2023-08-28 23:14:29,PROD_19,1,46.9,46.9
CUST_68,INV_5641,2023-08-29 00:32:07,PROD_49,4,387.22,1548.88
CUST_40,INV_1073,2023-08-29 08:39:32,PROD_39,10,195.41,1954.1
CUST_50,INV_2192,2023-08-29 12:51:00,PROD_43,1,309.72,309.72
CUST_84,INV_5263,2023-08-29 17:33:09,PROD_42,2,496.66,993.32
CUST_73,INV_2811,2023-08-29 22:40:41,PROD_3,10,399.79,3997.9
CUST_97,INV_3862,2023-08-30 06:42:44,PROD_13,8,213.2,1705.6
CUST_4,INV_5187,2023-08-31 21:57:54,PROD_43,1,320.04,320.04
CUST_5,INV_7781,2023-08-31 23:07:04,PROD_31,9,40.73,366.57
CUST_48,INV_6899,2023-09-01 06:23:09,PROD_29,5,319.5,1597.5
CUST_84,INV_4555,2023-09-01 10:33:52,PROD_43,8,470.02,3760.16
CUST_90,INV_1634,2023-09-01 20:44:49,PROD_36,2,362.13,724.26
CUST_31,INV_5976,2023-09-02 06:34:11,PROD_3,9,477.43,4296.87
CUST_54,INV_4223,2023-09-02 16:04:49,PROD_9,7,284.08,1988.56
CUST_16,INV_1080,2023-09-02 23:17:27,PROD_40,5,395.94,1979.7
CUST_83,INV_1065,2023-09-03 21:24:34,PROD_35,3,282.42,847.26
CUST_17,INV_8011,2023-09-05 00:56:14,PROD_25,5,402.23,2011.15
CUST_85,INV_5598,2023-09-06 04:06:23,PROD_38,4,143.46,573.84
CUST_81,INV_4853,2023-09-06 15:01:50,PROD_41,1,397.12,397.12
CUST_5,INV_3651,2023-09-06 18:06:27,PROD_29,8,408.18,3265.44
CUST_22,INV_5045,2023-09-06 19:24:52,PROD_1,3,263.1,789.3
CUST_48,INV_5953,2023-09-07 00:49:09,PROD_26,2,432.91,865.82
CUST_76,INV_3946,2023-09-07 04:52:22,PROD_46,2,14.06,28.12
CUST_96,INV_1766,2023-09-08 08:36:32,PROD_44,2,111.05,222.1
CUST_1,INV_1050,2023-09-08 22:10:39,PROD_48,5,286.07,1430.35
CUST_1,INV_3046,2023-09-10 00:53:29,PROD_39,3,264.8,794.4
CUST_4,INV_8093,2023-09-10 16:54:32,PROD_33,4,393.39,1573.56
CUST_54,INV_3447,2023-09-10 19:34:27,PROD_24,6,423.8,2542.8
CUST_59,INV_8055,2023-09-11 11:20:18,PROD_44,9,121.02,1089.18
CUST_13,INV_1452,2023-09-12 18:23:18,PROD_25,3,332.82,998.46
CUST_61,INV_6737,2023-09-13 04:08:43,PROD_22,5,13.8,69.0
CUST_56,INV_3474,2023-09-13 04:50:26,PROD_25,9,203.97,1835.73
CUST_91,INV_5475,2023-09-14 05:36:08,PROD_25,4,352.85,1411.4
CUST_78,INV_3144,2023-09-14 05:41:52,PROD_8,2,170.2,340.4
CUST_96,INV_9261,2023-09-14 06:03:46,PROD_36,3,16.07,48.21
CUST_56,INV_1343,2023-09-14 15:02:33,PROD_39,8,415.31,3322.48
CUST_65,INV_9282,2023-09-15 20:09:03,PROD_44,8,207.24,1657.92
CUST_50,INV_5711,2023-09-16 07:04:50,PROD_27,5,5.24,26.2
CUST_42,INV_3029,2023-09-16 08:19:21,PROD_29,8,130.33,1042.64
CUST_89,INV_8206,2023-09-17 07:23:59,PROD_2,6,304.48,1826.88
CUST_4,INV_4624,2023-09-17 20:10:53,PROD_19,8,489.9,3919.2
CUST_41,INV_9802,2023-09-17 20:41:54,PROD_13,9,377.17,3394.53
CUST_14,INV_9491,2023-09-17 20:50:15,PROD_48,7,435.58,3049.06
CUST_66,INV_2912,2023-09-18 05:49:05,PROD_37,1,36.5,36.5
CUST_20,INV_2220,2023-09-19 03:34:58,PROD_25,2,146.24,292.48
CUST_40,INV_6934,2023-09-19 05:53:21,PROD_44,6,5.03,30.18
CUST_81,INV_5249,2023-09-19 07:34:28,PROD_42,9,286.21,2575.89
CUST_21,INV_5883,2023-09-19 14:58:05,PROD_29,4,164.22,656.88
CUST_55,INV_8933,2023-09-20 01:48:10,PROD_35,3,10.11,30.33
CUST_21,INV_2311,2023-09-20 07:58:03,PROD_42,3,230.84,692.52
CUST_16,INV_8838,2023-09-20 17:56:06,PROD_16,10,306.28,3062.8
CUST_50,INV_9738,2023-09-21 07:52:05,PROD_39,5,125.75,628.75
CUST_43,INV_3891,2023-09-21 09:18:09,PROD_6,9,395.49,3559.41
CUST_61,INV_7502,2023-09-21 15:20:17,PROD_17,5,396.07,1980.35
CUST_81,INV_1704,2023-09-22 07:32:44,PROD_31,5,198.08,990.4
CUST_55,INV_7678,2023-09-22 18:11:22,PROD_14,9,9.06,81.54
CUST_38,INV_4085,2023-09-23 04:54:01,PROD_6,8,62.38,499.04
CUST_85,INV_6735,2023-09-23 16:12:11,PROD_28,3,264.67,794.01
CUST_78,INV_2698,2023-09-24 10:00:48,PROD_22,6,258.9,1553.4
CUST_20,INV_4958,2023-09-24 12:29:23,PROD_1,7,328.97,2302.79
CUST_8,INV_6871,2023-09-25 03:24:50,PROD_41,10,125.5,1255.0
CUST_94,INV_8928,2023-09-25 04:12:45,PROD_3,10,69.33,693.3
CUST_88,INV_7189,2023-09-26 01:47:20,PROD_35,1,92.86,92.86
CUST_93,INV_9526,2023-09-26 19:43:52,PROD_3,7,450.57,3153.99
CUST_89,INV_1344,2023-09-27 06:06:00,PROD_20,9,28.47,256.23
CUST_33,INV_9144,2023-09-27 14:33:21,PROD_42,9,60.74,546.66
CUST_88,INV_7018,2023-09-28 07:35:03,PROD_12,8,472.09,3776.72
CUST_3,INV_5985,2023-09-28 15:57:33,PROD_18,8,300.28,2402.24
CUST_29,INV_4076,2023-09-28 19:30:00,PROD_34,6,478.89,2873.34
CUST_63,INV_4296,2023-09-29 09:48:41,PROD_31,10,452.5,4525.0
CUST_97,INV_8578,2023-09-29 14:45:04,PROD_30,10,202.82,2028.2
CUST_26,INV_9581,2023-09-29 17:48:38,PROD_10,3,166.06,498.18
CUST_75,INV_6283,2023-09-30 15:55:58,PROD_9,4,467.57,1870.28
CUST_71,INV_8349,2023-10-01 01:52:37,PROD_19,5,31.09,155.45
CUST_90,INV_1088,2023-10-01 04:57:12,PROD_22,5,57.98,289.9
CUST_37,INV_3519,2023-10-01 14:50:21,PROD_43,9,34.35,309.15
CUST_60,INV_1274,2023-10-01 16:35:15,PROD_11,4,259.4,1037.6
CUST_2,INV_2982,2023-10-01 21:39:41,PROD_10,10,452.46,4524.6
CUST_67,INV_1594,2023-10-02 14:26:41,PROD_40,1,225.89,225.89
CUST_45,INV_1326,2023-10-03 07:57:37,PROD_50,4,335.56,1342.24
CUST_58,INV_5190,2023-10-03 08:18:08,PROD_9,7,241.43,1690.01
CUST_40,INV_8519,2023-10-03 17:51:23,PROD_46,6,324.16,1944.96
CUST_20,INV_1727,2023-10-05 02:13:32,PROD_46,5,316.67,1583.35
CUST_31,INV_7868,2023-10-05 05:04:15,PROD_45,5,194.71,973.55
CUST_93,INV_2282,2023-10-05 06:11:43,PROD_9,6,146.6,879.6
CUST_7,INV_7719,2023-10-05 13:17:00,PROD_36,9,280.81,2527.29
CUST_67,INV_6239,2023-10-05 14:01:04,PROD_26,7,242.26,1695.82
CUST_50,INV_8918,2023-10-05 14:52:01,PROD_17,1,271.58,271.58
CUST_48,INV_5892,2023-10-05 20:34:10,PROD_23,2,302.5,605.0
CUST_85,INV_8371,2023-10-07 15:25:25,PROD_20,7,228.27,1597.89
CUST_52,INV_1641,2023-10-08 16:20:09,PROD_2,7,428.95,3002.65
CUST_91,INV_3879,2023-10-09 03:48:33,PROD_40,6,496.91,2981.46
CUST_3,INV_2393,2023-10-09 14:52:13,PROD_6,9,237.57,2138.13
CUST_10,INV_5768,2023-10-09 22:14:29,PROD_40,1,62.36,62.36
CUST_66,INV_7520,2023-10-10 06:02:20,PROD_29,10,201.72,2017.2
CUST_80,INV_8251,2023-10-10 10:52:17,PROD_43,5,64.21,321.05
CUST_41,INV_6348,2023-10-10 13:00:30,PROD_40,5,185.0,925.0
CUST_85,INV_5630,2023-10-10 18:40:23,PROD_46,1,140.3,140.3
CUST_6,INV_2431,2023-10-10 20:26:31,PROD_40,2,314.59,629.18
CUST_19,INV_3651,2023-10-11 01:54:35,PROD_3,7,255.55,1788.85
CUST_90,INV_8063,2023-10-11 11:42:49,PROD_46,6,86.96,521.76
CUST_11,INV_1838,2023-10-12 01:56:09,PROD_17,8,184.07,1472.56
CUST_40,INV_7270,2023-10-12 07:47:28,PROD_31,2,288.72,577.44
CUST_46,INV_4638,2023-10-12 10:31:36,PROD_10,6,179.45,1076.7
CUST_89,INV_2992,2023-10-12 12:48:23,PROD_1,4,341.03,1364.12
CUST_59,INV_3374,2023-10-12 16:00:13,PROD_6,9,303.0,2727.0
CUST_26,INV_2441,2023-10-13 06:33:39,PROD_8,6,321.25,1927.5
CUST_57,INV_9747,2023-10-14 20:03:47,PROD_46,6,457.86,2747.16
CUST_51,INV_8130,2023-10-15 05:58:58,PROD_24,3,437.23,1311.69
CUST_65,INV_7098,2023-10-15 06:50:51,PROD_3,3,197.79,593.37
CUST_26,INV_3113,2023-10-15 12:07:39,PROD_17,5,432.35,2161.75
CUST_25,INV_3685,2023-10-15 15:05:58,PROD_37,2,86.05,172.1
CUST_13,INV_9165,2023-10-16 09:38:45,PROD_42,2,301.33,602.66
CUST_72,INV_5677,2023-10-16 23:15:12,PROD_10,5,85.88,429.4
CUST_18,INV_9339,2023-10-17 04:42:53,PROD_46,9,59.99,539.91
CUST_49,INV_6341,2023-10-17 14:46:35,PROD_41,9,156.81,1411.29
CUST_76,INV_9662,2023-10-17 21:46:59,PROD_36,9,278.12,2503.08
CUST_20,INV_3452,2023-10-18 09:27:53,PROD_20,1,192.15,192.15
CUST_61,INV_7017,2023-10-18 17:09:41,PROD_22,7,30.56,213.92
CUST_3,INV_2764,2023-10-18 19:07:19,PROD_20,3,176.55,529.65
CUST_19,INV_9100,2023-10-19 04:28:47,PROD_27,9,5.1,45.9
CUST_62,INV_3548,2023-10-19 13:30:49,PROD_34,10,115.24,1152.4
CUST_76,INV_4763,2023-10-20 00:16:27,PROD_38,3,354.56,1063.68
CUST_49,INV_5709,2023-10-20 09:48:46,PROD_19,7,297.56,2082.92
CUST_6,INV_5565,2023-10-21 00:30:11,PROD_27,1,34.94,34.94
CUST_2,INV_8609,2023-10-21 11:19:37,PROD_46,4,14.75,59.0
CUST_59,INV_6124,2023-10-22 07:11:41,PROD_29,7,13.34,93.38
CUST_89,INV_7849,2023-10-22 14:46:35,PROD_50,8,288.67,2309.36
CUST_59,INV_8952,2023-10-22 22:10:58,PROD_29,4,328.31,1313.24
CUST_31,INV_5826,2023-10-23 04:35:40,PROD_5,5,418.03,2090.15
CUST_10,INV_5216,2023-10-23 23:55:16,PROD_18,8,306.85,2454.8
CUST_83,INV_1398,2023-10-24 23:58:40,PROD_39,10,103.12,1031.2
CUST_24,INV_9517,2023-10-25 02:25:38,PROD_20,8,399.4,3195.2
CUST_29,INV_9204,2023-10-25 17:54:17,PROD_27,1,143.36,143.36
CUST_66,INV_2068,2023-10-25 22:56:12,PROD_6,10,329.24,3292.4
CUST_50,INV_7254,2023-10-26 05:45:57,PROD_49,9,388.5,3496.5
CUST_51,INV_8606,2023-10-26 08:25:50,PROD_47,6,212.58,1275.48
CUST_56,INV_7379,2023-10-26 10:08:28,PROD_30,6,85.27,511.62
CUST_54,INV_8626,2023-10-26 11:45:15,PROD_4,7,92.79,649.53
CUST_45,INV_9991,2023-10-26 15:04:51,PROD_14,3,462.38,1387.14
CUST_24,INV_1310,2023-10-27 00:02:50,PROD_45,6,375.96,2255.76
CUST_56,INV_4739,2023-10-27 12:08:39,PROD_19,4,11.53,46.12
CUST_77,INV_2661,2023-10-27 13:16:16,PROD_6,3,466.55,1399.65
CUST_21,INV_9719,2023-10-27 23:44:39,PROD_30,8,200.54,1604.32
CUST_11,INV_3639,2023-10-28 11:54:01,PROD_44,5,23.26,116.3
CUST_100,INV_4647,2023-10-29 01:28:51,PROD_36,4,150.27,601.08
CUST_8,INV_1886,2023-10-29 05:31:04,PROD_21,3,403.87,1211.61
CUST_44,INV_3883,2023-10-30 06:14:54,PROD_44,8,152.53,1220.24
CUST_17,INV_2567,2023-10-30 08:53:36,PROD_26,8,498.79,3990.32
CUST_20,INV_1904,2023-10-31 06:51:32,PROD_31,6,329.36,1976.16
CUST_99,INV_8311,2023-10-31 09:20:41,PROD_12,8,481.91,3855.28
CUST_90,INV_8569,2023-10-31 20:27:41,PROD_4,1,251.79,251.79
CUST_68,INV_9856,2023-11-01 00:02:12,PROD_40,6,155.71,934.26
CUST_2,INV_2208,2023-11-01 10:40:15,PROD_38,7,195.96,1371.72
CUST_47,INV_6370,2023-11-01 23:50:57,PROD_34,3,156.02,468.06
CUST_86,INV_6623,2023-11-02 08:40:07,PROD_5,3,30.77,92.31
CUST_5,INV_2736,2023-11-02 10:02:22,PROD_9,9,63.57,572.13
CUST_92,INV_4311,2023-11-02 22:47:45,PROD_40,6,181.49,1088.94
CUST_5,INV_8823,2023-11-03 01:51:41,PROD_41,5,277.01,1385.05
CUST_69,INV_2037,2023-11-03 09:13:09,PROD_47,4,256.55,1026.2
CUST_91,INV_2612,2023-11-05 00:54:41,PROD_3,1,345.96,345.96
CUST_78,INV_5443,2023-11-05 05:48:44,PROD_19,6,50.93,305.58
CUST_96,INV_3529,2023-11-05 11:41:33,PROD_4,7,96.6,676.2
CUST_47,INV_1303,2023-11-05 22:28:08,PROD_30,7,435.24,3046.68
CUST_20,INV_3815,2023-11-05 23:50:36,PROD_10,3,404.04,1212.12
CUST_98,INV_5729,2023-11-06 05:11:34,PROD_8,7,76.46,535.22
CUST_7,INV_4729,2023-11-06 07:04:36,PROD_2,10,331.11,3311.1
CUST_90,INV_2136,2023-11-06 16:08:38,PROD_7,6,453.68,2722.08
CUST_62,INV_7209,2023-11-06 20:41:46,PROD_41,7,482.44,3377.08
CUST_2,INV_2713,2023-11-07 04:52:05,PROD_7,2,363.91,727.82
CUST_32,INV_6984,2023-11-07 06:54:46,PROD_31,2,369.29,738.58
CUST_79,INV_1131,2023-11-07 09:57:28,PROD_25,1,163.91,163.91
CUST_92,INV_3869,2023-11-07 11:57:09,PROD_45,4,384.75,1539.0
CUST_3,INV_4966,2023-11-07 17:07:08,PROD_45,7,180.05,1260.35
CUST_20,INV_1701,2023-11-07 22:11:37,PROD_47,8,45.04,360.32
CUST_38,INV_6274,2023-11-09 03:31:38,PROD_38,3,370.29,1110.87
CUST_44,INV_4429,2023-11-09 06:38:54,PROD_7,6,423.54,2541.24
CUST_94,INV_3385,2023-11-09 08:25:33,PROD_47,4,381.45,1525.8
CUST_4,INV_6921,2023-11-09 22:09:13,PROD_13,6,160.09,960.54
CUST_19,INV_1033,2023-11-10 11:26:31,PROD_2,2,252.36,504.72
CUST_35,INV_7375,2023-11-10 13:05:58,PROD_44,9,228.48,2056.32
CUST_33,INV_3897,2023-11-11 00:07:56,PROD_23,8,163.94,1311.52
CUST_18,INV_2576,2023-11-11 09:50:14,PROD_35,10,200.47,2004.7
CUST_65,INV_8700,2023-11-11 14:56:13,PROD_25,4,282.52,1130.08
CUST_13,INV_9642,2023-11-11 23:27:06,PROD_11,3,171.14,513.42
CUST_51,INV_2085,2023-11-12 10:00:24,PROD_6,2,323.69,647.38
CUST_1,INV_2556,2023-11-12 22:21:06,PROD_17,10,149.8,1498.0
CUST_25,INV_7569,2023-11-12 23:47:49,PROD_32,3,128.36,385.08
CUST_72,INV_6603,2023-11-13 00:04:08,PROD_3,3,188.78,566.34
CUST_27,INV_5853,2023-11-13 05:57:44,PROD_49,2,372.06,744.12
CUST_44,INV_8527,2023-11-13 12:14:04,PROD_38,9,415.41,3738.69
CUST_67,INV_3927,2023-11-14 00:27:19,PROD_46,1,250.58,250.58
CUST_46,INV_6766,2023-11-14 04:36:48,PROD_5,10,71.5,715.0
CUST_49,INV_6704,2023-11-14 18:11:47,PROD_43,10,275.32,2753.2
CUST_25,INV_7632,2023-11-15 05:22:51,PROD_34,9,353.18,3178.62
CUST_14,INV_6175,2023-11-16 02:35:03,PROD_21,5,91.66,458.3
CUST_87,INV_3945,2023-11-16 05:10:10,PROD_19,10,150.66,1506.6
CUST_29,INV_1311,2023-11-16 12:18:22,PROD_10,2,306.95,613.9
CUST_42,INV_3965,2023-11-16 17:20:37,PROD_22,8,86.87,694.96
CUST_79,INV_8749,2023-11-16 23:10:49,PROD_33,10,365.63,3656.3
CUST_90,INV_7716,2023-11-17 11:05:11,PROD_23,5,301.78,1508.9
CUST_19,INV_6597,2023-11-17 11:39:18,PROD_20,3,39.57,118.71
CUST_27,INV_3056,2023-11-17 11:49:34,PROD_22,10,109.0,1090.0
CUST_40,INV_6034,2023-11-18 01:14:38,PROD_38,3,285.82,857.46
CUST_98,INV_3753,2023-11-18 02:28:53,PROD_49,2,340.54,681.08
CUST_3,INV_1586,2023-11-18 11:21:31,PROD_29,6,453.73,2722.38
CUST_48,INV_7168,2023-11-18 20:50:58,PROD_11,10,442.21,4422.1
CUST_99,INV_5023,2023-11-19 04:48:59,PROD_12,9,482.6,4343.4
CUST_58,INV_6775,2023-11-19 09:56:08,PROD_39,1,433.82,433.82
CUST_89,INV_1543,2023-11-19 15:58:32,PROD_48,8,252.65,2021.2
CUST_18,INV_5477,2023-11-19 16:26:50,PROD_29,8,356.45,2851.6
CUST_79,INV_1890,2023-11-19 19:05:49,PROD_24,5,82.93,414.65
CUST_88,INV_4309,2023-11-19 23:18:21,PROD_40,5,251.86,1259.3
CUST_37,INV_6194,2023-11-20 08:23:54,PROD_30,1,369.68,369.68
CUST_86,INV_5379,2023-11-20 14:19:54,PROD_15,8,168.48,1347.84
CUST_19,INV_6357,2023-11-20 23:13:27,PROD_43,1,79.6,79.6
CUST_48,INV_2505,2023-11-21 06:28:18,PROD_50,8,142.89,1143.12
CUST_94,INV_6706,2023-11-21 09:11:00,PROD_20,4,234.83,939.32
CUST_77,INV_1066,2023-11-21 11:28:39,PROD_19,6,240.58,1443.48
CUST_25,INV_7013,2023-11-21 12:48:09,PROD_3,1,81.85,81.85
CUST_62,INV_1681,2023-11-21 15:39:45,PROD_1,4,108.28,433.12
CUST_81,INV_1985,2023-11-22 00:39:22,PROD_19,3,219.71,659.13
CUST_74,INV_2385,2023-11-23 00:21:32,PROD_34,2,38.19,76.38
CUST_19,INV_1803,2023-11-23 05:04:53,PROD_24,7,471.86,3303.02
CUST_28,INV_5381,2023-11-23 10:25:22,PROD_49,9,134.67,1212.03
CUST_94,INV_5344,2023-11-23 14:38:25,PROD_47,1,351.35,351.35
CUST_90,INV_3516,2023-11-23 18:24:06,PROD_46,5,205.93,1029.65
CUST_75,INV_4600,2023-11-23 20:04:57,PROD_5,5,488.87,2444.35
CUST_9,INV_4689,2023-11-23 22:48:37,PROD_16,1,410.78,410.78
CUST_77,INV_8231,2023-11-24 03:29:45,PROD_3,8,348.77,2790.16
CUST_42,INV_2483,2023-11-24 04:15:25,PROD_50,3,263.09,789.27
CUST_78,INV_7519,2023-11-24 14:00:44,PROD_5,10,154.7,1547.0
CUST_94,INV_2258,2023-11-25 04:58:01,PROD_5,10,77.22,772.2
CUST_12,INV_1292,2023-11-25 05:01:38,PROD_25,6,455.78,2734.68
CUST_83,INV_2881,2023-11-25 09:33:41,PROD_19,10,151.12,1511.2
CUST_40,INV_8427,2023-11-25 13:00:50,PROD_17,9,301.5,2713.5
CUST_27,INV_1487,2023-11-25 23:31:52,PROD_17,1,149.32,149.32
CUST_84,INV_5642,2023-11-26 11:44:19,PROD_16,7,377.09,2639.63
CUST_7,INV_3365,2023-11-26 16:31:26,PROD_19,5,257.25,1286.25
CUST_14,INV_9647,2023-11-26 17:37:32,PROD_20,5,206.68,1033.4
CUST_78,INV_7950,2023-11-27 10:19:53,PROD_13,5,105.53,527.65
CUST_100,INV_9464,2023-11-27 14:10:39,PROD_34,3,385.0,1155.0
CUST_72,INV_4901,2023-11-27 14:34:39,PROD_26,5,98.92,494.6
CUST_10,INV_9832,2023-11-27 19:18:16,PROD_33,6,496.44,2978.64
CUST_88,INV_9396,2023-11-27 19:34:21,PROD_2,7,159.8,1118.6
CUST_13,INV_6071,2023-11-27 23:45:20,PROD_39,1,380.02,380.02
CUST_42,INV_1929,2023-11-28 02:57:06,PROD_1,2,276.82,553.64
CUST_33,INV_3304,2023-11-28 07:58:30,PROD_46,5,202.49,1012.45
CUST_63,INV_5710,2023-11-28 09:11:15,PROD_46,9,384.24,3458.16
CUST_73,INV_6574,2023-11-29 01:23:18,PROD_17,8,392.96,3143.68
CUST_6,INV_7164,2023-11-29 04:47:44,PROD_45,2,482.47,964.94
CUST_59,INV_8506,2023-11-29 15:31:00,PROD_1,1,162.08,162.08
CUST_28,INV_7778,2023-11-29 20:25:30,PROD_12,6,440.65,2643.9
CUST_71,INV_4793,2023-11-29 21:56:49,PROD_37,10,89.99,899.9
CUST_80,INV_2151,2023-11-30 01:02:10,PROD_3,6,426.14,2556.84
CUST_18,INV_7960,2023-11-30 05:03:35,PROD_16,6,54.24,325.44
CUST_81,INV_3302,2023-11-30 10:03:32,PROD_36,10,144.7,1447.0
CUST_95,INV_4968,2023-11-30 11:07:18,PROD_6,9,186.81,1681.29
CUST_95,INV_6728,2023-11-30 11:50:49,PROD_36,1,350.25,350.25
CUST_8,INV_4015,2023-12-01 12:36:34,PROD_43,8,221.43,1771.44
CUST_9,INV_6817,2023-12-01 21:03:48,PROD_8,7,194.85,1363.95
CUST_67,INV_1262,2023-12-02 02:56:53,PROD_29,6,394.71,2368.26
CUST_85,INV_4397,2023-12-02 18:17:34,PROD_38,3,250.27,750.81
CUST_36,INV_2728,2023-12-03 11:10:14,PROD_26,3,383.62,1150.86
CUST_59,INV_8712,2023-12-04 04:34:15,PROD_9,1,60.7,60.7
CUST_48,INV_8530,2023-12-04 07:19:24,PROD_34,3,78.47,235.41
CUST_28,INV_2009,2023-12-04 11:42:24,PROD_11,10,56.97,569.7
CUST_91,INV_4571,2023-12-04 12:26:00,PROD_8,6,250.17,1501.02
CUST_88,INV_3453,2023-12-05 02:49:19,PROD_17,8,236.31,1890.48
CUST_65,INV_2763,2023-12-05 07:59:52,PROD_31,1,193.43,193.43
CUST_39,INV_1473,2023-12-05 18:00:49,PROD_24,4,485.09,1940.36
CUST_59,INV_9840,2023-12-05 18:29:00,PROD_31,6,451.11,2706.66
CUST_89,INV_4728,2023-12-06 06:47:01,PROD_39,5,56.55,282.75
CUST_27,INV_1239,2023-12-06 07:47:57,PROD_34,4,411.6,1646.4
CUST_9,INV_8146,2023-12-06 08:17:24,PROD_36,4,155.4,621.6
CUST_41,INV_8194,2023-12-06 15:06:11,PROD_42,6,27.62,165.72
CUST_5,INV_2441,2023-12-06 19:52:55,PROD_14,9,332.36,2991.24
CUST_67,INV_2020,2023-12-06 20:37:28,PROD_25,4,73.19,292.76
CUST_85,INV_1699,2023-12-07 03:14:34,PROD_5,2,200.36,400.72
CUST_58,INV_7934,2023-12-07 07:54:54,PROD_48,2,110.33,220.66
CUST_98,INV_5886,2023-12-08 04:57:41,PROD_7,10,386.65,3866.5
CUST_73,INV_6320,2023-12-08 09:29:57,PROD_29,1,316.0,316.0
CUST_61,INV_8191,2023-12-08 20:30:19,PROD_14,10,428.5,4285.0
CUST_3,INV_8640,2023-12-09 20:19:05,PROD_43,4,15.98,63.92
CUST_98,INV_5510,2023-12-10 09:26:35,PROD_4,9,46.93,422.37
CUST_78,INV_5568,2023-12-10 12:00:14,PROD_22,1,368.29,368.29
CUST_46,INV_6332,2023-12-10 23:14:02,PROD_16,9,397.09,3573.81
CUST_60,INV_8303,2023-12-13 01:33:26,PROD_45,3,488.48,1465.44
CUST_33,INV_4552,2023-12-14 00:06:11,PROD_48,10,449.83,4498.3
CUST_98,INV_4445,2023-12-14 03:19:38,PROD_42,2,363.4,726.8
CUST_70,INV_5457,2023-12-14 04:30:33,PROD_20,5,129.79,648.95
CUST_83,INV_2882,2023-12-14 17:22:12,PROD_18,3,183.78,551.34
CUST_9,INV_6807,2023-12-14 19:02:34,PROD_30,7,394.42,2760.94
CUST_90,INV_1010,2023-12-14 19:48:21,PROD_21,2,436.12,872.24
CUST_58,INV_7856,2023-12-14 20:14:45,PROD_21,5,484.91,2424.55
CUST_41,INV_3078,2023-12-14 23:55:46,PROD_32,6,322.86,1937.16
CUST_67,INV_1113,2023-12-15 00:53:18,PROD_29,9,195.8,1762.2
CUST_39,INV_3449,2023-12-15 13:17:35,PROD_28,4,142.66,570.64
CUST_29,INV_8161,2023-12-15 13:53:12,PROD_49,7,429.66,3007.62
CUST_79,INV_4761,2023-12-16 12:08:26,PROD_25,7,407.51,2852.57
CUST_60,INV_8330,2023-12-16 22:20:18,PROD_34,1,310.51,310.51
CUST_59,INV_2081,2023-12-17 00:15:14,PROD_45,9,116.33,1046.97
CUST_46,INV_6292,2023-12-18 09:47:33,PROD_3,6,33.79,202.74
CUST_27,INV_7000,2023-12-18 13:21:02,PROD_10,4,90.98,363.92
CUST_99,INV_6150,2023-12-18 13:44:04,PROD_32,3,210.26,630.78
CUST_3,INV_1443,2023-12-19 07:15:06,PROD_20,5,58.6,293.0
CUST_38,INV_2648,2023-12-19 10:54:11,PROD_45,3,394.27,1182.81
CUST_6,INV_5662,2023-12-19 13:19:40,PROD_48,6,453.02,2718.12
CUST_42,INV_3613,2023-12-19 13:40:26,PROD_26,5,378.23,1891.15
CUST_47,INV_5724,2023-12-19 15:00:01,PROD_3,10,108.99,1089.9
CUST_81,INV_8042,2023-12-19 18:57:49,PROD_29,5,142.18,710.9
CUST_88,INV_5375,2023-12-19 21:46:59,PROD_46,1,28.25,28.25
CUST_63,INV_5168,2023-12-19 23:49:30,PROD_40,10,329.19,3291.9
CUST_70,INV_7087,2023-12-20 02:28:49,PROD_41,6,263.45,1580.7
CUST_80,INV_1514,2023-12-20 09:20:13,PROD_15,7,393.56,2754.92
CUST_71,INV_9709,2023-12-20 16:32:25,PROD_41,5,146.05,730.25
CUST_30,INV_8251,2023-12-20 22:27:18,PROD_31,3,174.17,522.51
CUST_90,INV_7148,2023-12-21 06:12:58,PROD_7,8,125.93,1007.44
CUST_89,INV_7222,2023-12-21 15:27:06,PROD_22,8,289.75,2318.0
CUST_48,INV_9427,2023-12-22 04:28:00,PROD_30,3,118.13,354.39
CUST_23,INV_9132,2023-12-22 18:55:10,PROD_18,2,312.89,625.78
CUST_84,INV_1436,2023-12-22 19:21:53,PROD_9,3,25.38,76.14
CUST_25,INV_1127,2023-12-23 06:56:19,PROD_14,7,318.96,2232.72
CUST_16,INV_6782,2023-12-23 20:13:55,PROD_18,7,430.12,3010.84
CUST_35,INV_9278,2023-12-23 22:49:24,PROD_26,8,417.13,3337.04
CUST_98,INV_4059,2023-12-24 04:07:32,PROD_42,5,333.69,1668.45
CUST_22,INV_8552,2023-12-25 12:49:10,PROD_47,10,191.89,1918.9
CUST_47,INV_6569,2023-12-25 16:12:22,PROD_6,6,224.32,1345.92
CUST_35,INV_6622,2023-12-26 07:49:41,PROD_33,6,54.8,328.8
CUST_1,INV_4867,2023-12-26 08:58:42,PROD_32,9,185.62,1670.58
CUST_7,INV_1120,2023-12-26 13:32:10,PROD_11,7,181.38,1269.66
CUST_45,INV_5186,2023-12-26 21:36:14,PROD_17,3,370.36,1111.08
CUST_45,INV_2418,2023-12-27 13:21:26,PROD_18,8,119.2,953.6
CUST_95,INV_2149,2023-12-27 14:42:45,PROD_23,6,310.55,1863.3
CUST_52,INV_2715,2023-12-28 12:33:29,PROD_39,9,475.98,4283.82
CUST_24,INV_9644,2023-12-28 21:07:59,PROD_48,8,112.81,902.48
CUST_72,INV_8682,2023-12-29 00:47:49,PROD_18,7,93.2,652.4
CUST_47,INV_8194,2023-12-29 22:37:04,PROD_16,5,409.16,2045.8
CUST_82,INV_1630,2023-12-30 09:46:42,PROD_9,5,258.78,1293.9
CUST_75,INV_6469,2023-12-30 16:44:35,PROD_23,4,99.78,399.12
CUST_50,INV_7304,2023-12-31 19:05:27,PROD_34,10,209.58,2095.8
CUST_21,INV_4434,2024-01-01 03:15:09,PROD_34,3,120.68,362.04
CUST_70,INV_2226,2024-01-01 14:12:34,PROD_33,10,285.36,2853.6
